{
  "project_info": {
    "project_number": "126463916377",
    "project_id": "test--shopping-firebase-7e0b1",
    "storage_bucket": "test--shopping-firebase-7e0b1.appspot.com"
  },
  "client": [
    {
      "client_info": {
        "mobilesdk_app_id": "1:126463916377:android:1b08b5188fdab15f207448",
        "android_client_info": {
          "package_name": "com.app.shopping"
        }
      },
      "oauth_client": [
        {
          "client_id": "126463916377-4hh0csb59qug6eaj70qvpr2d2pj3m9k1.apps.googleusercontent.com",
          "client_type": 3
        }
      ],
      "api_key": [
        {
          "current_key": "AIzaSyDN7IbZyQNwmqWe7D6nP0ntW86FItn8yiA"
        }
      ],
      "services": {
        "appinvite_service": {
          "other_platform_oauth_client": [
            {
              "client_id": "126463916377-4hh0csb59qug6eaj70qvpr2d2pj3m9k1.apps.googleusercontent.com",
              "client_type": 3
            }
          ]
        }
      }
    }
  ],
  "configuration_version": "1"
}