{
  "project_info": {
    "project_number": "979306033809",
    "project_id": "kasirku-48b6b",
    "storage_bucket": "kasirku-48b6b.appspot.com"
  },
  "client": [
    {
      "client_info": {
        "mobilesdk_app_id": "1:979306033809:android:21062c40d03666ffd14530",
        "android_client_info": {
          "package_name": "com.TugasAkhir.shopping"
        }
      },
      "oauth_client": [
        {
          "client_id": "979306033809-8e7kd6tc8c5av4u8t9qvimq04k64h8hj.apps.googleusercontent.com",
          "client_type": 3
        }
      ],
      "api_key": [
        {
          "current_key": "AIzaSyDLkqw7T_NQ6gdiQPyIQ2N06gElywa67-w"
        }
      ],
      "services": {
        "appinvite_service": {
          "other_platform_oauth_client": [
            {
              "client_id": "979306033809-8e7kd6tc8c5av4u8t9qvimq04k64h8hj.apps.googleusercontent.com",
              "client_type": 3
            }
          ]
        }
      }
    }
  ],
  "configuration_version": "1"
}